season,yr,mnth,holiday,weekday,workingday,weathersit,temp,atemp,hum,windspeed,cnt
1,0,1,0,6,0,2,-0.826096507100084,-0.679480780282526,1.249315927336729,-0.3876262839697891,985
1,0,1,0,0,0,2,-0.7206013149939535,-0.7401455355199024,0.4787851597755503,0.7490888183309068,801
1,0,1,0,1,1,1,-1.6335381661991657,-1.7485697604014525,-1.338357606936484,0.7461209948542499,1349
1,0,1,0,2,1,1,-1.6136748489966444,-1.6091684611168604,-0.2630014807796738,-0.3895618210197831,1562
1,0,1,0,3,1,1,-1.4664098759965432,-1.503940945153829,-1.3405762547464208,-0.04627496983288128,1600
1,0,1,0,4,1,1,-1.5899219053232223,-1.479769544093741,-0.7697378321543076,-1.302242380857796,1606
1,0,1,0,5,1,2,-1.6326750187519714,-1.6293143635490177,-0.9071044283613167,-0.2807846388101312,1510
1,0,1,0,6,0,2,-1.8048783974257554,-1.9151799940095857,-0.6463641634321213,0.984772713118486,959
1,0,1,0,0,0,1,-1.9505591124531583,-2.1979405904675127,-1.3601649490176986,2.212496767509891,822
1,0,1,0,1,1,1,-1.8822721308713328,-1.9849266668831462,-1.0178893770733233,0.42298953614795065,1321
1,0,1,0,2,1,2,-1.7825294340936553,-1.7359348493116529,0.41051961339575255,-0.8820140608595407,1263
1,0,1,0,3,1,1,-1.762666116891134,-1.9261089773271833,-0.19903983030965847,1.472824832064591,1162
1,0,1,0,4,1,1,-1.8048783974257554,-1.9849573490373227,-1.1056523442385475,1.426023546195741,1406
1,0,1,0,5,1,1,-1.8274404161403903,-1.7546570997900302,-0.6323712359472977,-0.8250318501077231,1421
1,0,1,0,6,0,2,-1.431578052431286,-1.3883183153558676,-0.9067252923431629,-0.4196658739373531,1248
1,0,1,0,0,0,1,-1.4406793413365115,-1.4735840218117995,-1.0120408529414324,-0.02649378118194485,1204
1,0,1,1,1,0,2,-1.7456981677076824,-1.8260974275741222,-0.6346600941309671,0.04555981139915801,1000
1,0,1,0,2,1,2,-1.5226237192347019,-1.4851450575054288,1.6413285280329803,-0.5640311307062249,683
1,0,1,0,3,1,2,-1.1101321097707915,-1.0795944800339574,0.799309557937697,0.23008101016523436,1650
1,0,1,0,4,1,2,-1.276790585540131,-1.3457437582208365,-0.6288115699990767,0.06990886748808009,1927
1,0,1,0,5,1,1,-1.73659141584393,-1.9423091547322684,-1.199270856573036,2.100132389967584,1543
1,0,1,0,6,0,1,-2.3832396314477724,-2.425635311182154,-1.6000527329484369,-0.2389254242089315,981
1,0,1,0,0,0,1,-2.1789725102941317,-2.3043211417844893,-1.3436304060037703,0.7240687760646539,986
1,0,1,0,1,1,1,-2.174221921559447,-2.187171154351632,-0.955949785366794,-0.4149302599550352,1416
1,0,1,0,2,1,2,-1.4854155087103968,-1.4716878646837044,-0.0767895275671874,-0.7831210211851904,1985
1,0,1,0,3,1,3,-1.5180730747820892,-1.6614631246949425,1.6471770521648714,1.3337629468127028,506
1,0,1,0,4,1,1,-1.6409896416293746,-1.562666588247263,0.41849551185172756,-0.9890492597241982,431
1,0,1,0,5,1,2,-1.5946746792413173,-1.5404711179161292,1.1595168593332714,-0.8669426790302555,1167
1,0,1,0,6,0,1,-1.6326750187519714,-1.609143915393519,0.16741619434808044,-0.5822251789761662,1098
1,0,1,0,0,0,1,-1.5234158482210511,-1.3747568032099438,0.6619429617306871,-1.5033137117593527,1096
1,0,1,0,1,1,2,-1.7183833750749522,-1.7679301996866965,-0.16951636815527682,-0.042507124375560174,1501
1,0,2,0,2,1,2,-1.6564279624253935,-1.4716633189603632,1.4159391862779376,-1.771315913849695,1360
1,0,2,0,3,1,2,-1.2858973374038831,-1.3496281189395558,1.0357640545929314,0.9525653766065891,1526
1,0,2,0,4,1,1,-1.6849282170583844,-1.8193043986394901,-1.334474973269094,1.1260411106073676,1550
1,0,2,0,5,1,2,-1.5519215658125682,-1.5081321274143111,-0.2996372537931255,-0.8083733278974429,1708
1,0,2,0,6,0,2,-1.431578052431286,-1.4193318367972696,2.115248550725193,-0.3794583176188153,1005
1,0,2,0,0,0,1,-1.1447727297876196,-1.1210215246027948,-0.4181804488025377,-0.6282264428643526,1623
1,0,2,0,1,1,1,-1.2221610002746706,-1.0474641281805381,0.7753959046445164,-1.8720244872769394,1712
1,0,2,0,2,1,1,-1.4998650340131112,-1.6943175753869222,-0.6317323215463352,2.212496767509891,1530
1,0,2,0,3,1,2,-1.9699526152223965,-2.025457792550036,-0.934577747602719,-0.021254927566628053,1605
1,0,2,0,4,1,1,-1.9176994169159838,-1.9931494842023942,-1.3375291245264442,0.4058019671440053,1538
1,0,2,0,5,1,1,-1.673270263562735,-1.6006572315483552,-0.8532671137834812,-1.0572704889463134,1746
1,0,2,0,6,0,1,-1.490758282149359,-1.4813343339567324,-0.5878508379637232,0.16620828751543895,1472
1,0,2,0,0,0,1,-0.9771199955664489,-0.9219434354453031,-1.197108377062085,0.9083706139650637,1589
1,0,2,0,1,1,1,-0.43913876578924954,-0.4663932195281365,-1.7697301431469956,2.9345553158002473,1913
1,0,2,0,2,1,1,-1.2526443088527976,-1.3505056285489978,-2.201418626039302,1.3018136819074713,1815
1,0,2,0,3,1,1,-0.9676199106887852,-0.9705010126447123,-1.4352128175000258,0.7910512615747726,2115
1,0,2,0,4,1,1,-0.32532895080571633,-0.2804102737730887,-0.8628438087605508,0.5112113148866682,2475
1,0,2,0,5,1,1,0.14357863136183516,0.23090782557491699,-0.7809293657272169,0.9605268856722308,2927
1,0,2,0,6,0,1,-0.5256337881400527,-0.5090168681098497,-3.0890954021726222,4.090135452548217,1635
1,0,2,0,0,0,1,-1.148137912239972,-1.2090240792112525,-1.545106094465633,0.4225766215772849,1812
1,0,2,1,1,0,2,-1.0491709555730642,-1.1676338532274266,-0.16074007143875457,1.5143614571574584,1107
1,0,2,0,2,1,1,-1.7107953256815798,-1.7692618051779478,-0.35186675081249374,0.06705717623442256,1450
1,0,2,0,3,1,1,-1.4949155935880607,-1.4030150672063142,-1.4382669687573755,-1.2435594782180504,1917
1,0,2,0,4,1,2,-1.0911319400154642,-1.1362398730742387,0.4879405925102263,0.7743411250431594,1807
1,0,2,0,5,1,2,-0.7158485410758586,-0.760260755797883,0.5917325879985074,2.0136396909935272,1461
1,0,2,0,6,0,1,-1.1629807705565978,-1.1791887524902205,-0.6317323215463352,-0.05052024776253431,1969
1,0,2,0,0,0,1,-0.8298604855248741,-0.756284348616635,0.3658377315525932,-0.8418065045410026,2402
1,0,2,0,1,1,2,-0.4813510463238706,-0.4555440098113976,1.7445167143071645,1.2800324383048747,1446
1,0,3,0,2,1,1,-1.2494757929074007,-1.2915652103763295,-0.6522126875640116,0.3347032395075663,1851
1,0,3,0,3,1,1,-0.8761754479129312,-0.9467468888814223,-1.2519286368721707,1.5141937106131251,2134
1,0,3,0,4,1,1,-1.6227816008603968,-1.6827381304007876,-2.1734397921070285,0.4550807404368479,1685
1,0,3,0,5,1,2,-1.276790585540131,-1.3418839432254581,-0.12270711198803282,0.16593731232843956,1944
1,0,3,0,6,0,2,-0.6075781660382431,-0.586489307405002,1.1323033184746778,0.7920835480014362,2077
1,0,3,0,0,0,2,-0.6493424839736875,-0.6633603764782988,2.249308238329417,1.9716772477496618,605
1,0,3,0,1,1,1,-1.2763972525262195,-1.4475410093469578,-0.5377416942310661,1.9467088198047415,1872
1,0,3,0,2,1,1,-1.1083511852911374,-1.0551837581712946,-1.453783461352187,-0.9011371669134796,2133
1,0,3,0,3,1,2,-1.0901431445221594,-1.1520902739217143,1.0357640545929314,0.38276907624907924,1891
1,0,3,0,4,1,3,-0.5806785582535305,-0.5442154353808986,-4.408467682235623,0.9211967728163559,623
1,0,3,0,5,1,2,-0.9771199955664489,-1.0392290379996196,0.15215245909870373,0.5481929761218829,1977
1,0,3,0,6,0,1,-0.9080408849982744,-0.9118980981679832,-0.23387821775556616,0.39083381395738664,2132
1,0,3,0,0,0,1,-0.606589370544938,-0.5784383101491413,-0.7056357609368278,1.0338063183849961,2417
1,0,3,0,1,1,1,-0.9296195711781309,-0.8735454054476105,-0.919314012353343,-0.6911184934088183,2046
1,0,3,0,2,1,2,-0.9723726846068803,-0.9583631524525685,0.19488951358948192,-0.0797081464764411,2056
1,0,3,0,3,1,2,-0.71110123011629,-0.6591998763719927,1.0435223008903374,0.16298239243211593,2192
1,0,3,0,4,1,1,-0.43913876578924954,-0.39286036882922065,-0.1753648922871672,0.24636532854584872,2744
1,0,3,0,5,1,1,0.24373105002900364,0.32311383530552823,-0.7208994961862029,0.5229922837309637,3239
1,0,3,0,6,0,1,-0.12501865051285324,-0.04804204733431336,-1.7463220045446866,2.292718326441968,3117
1,0,3,0,0,0,1,-0.8898328442292963,-0.9118980981679832,-1.0822512266736122,0.22239047628659248,2471
2,0,3,0,1,1,2,-0.35481800093201155,-0.3965299544687058,0.768782087438945,1.2683805052639123,2077
2,0,3,0,2,1,1,-0.2934580507618465,-0.2068712866433374,-0.023247096559027066,0.45502912611551466,2703
2,0,3,0,3,1,2,-0.8108548528110204,-0.8371011427170039,1.486149560010117,0.5648514983321635,2121
2,0,3,0,4,1,2,-1.1493233742402327,-1.2488924703479343,1.249315927336729,0.6877710045871028,1865
2,0,3,0,5,1,1,-1.2631331892237658,-1.337999582506739,-0.9330541824927304,0.5192244382736426,2210
2,0,3,0,6,0,1,-1.2540319003185403,-1.330273816085147,-1.6410064439464174,0.24626209990318265,2496
2,0,3,0,0,0,2,-1.3239031398730639,-1.3746524838857446,-0.9406860501174185,-0.07982427869944084,1693
2,0,3,0,1,1,1,-1.2621443937304608,-1.3302554067926413,-2.2868927350208574,0.28023722692074055,2028
2,0,3,0,2,1,1,-1.053721600025677,-1.1134307596595787,-2.202689433803854,0.47110698721079647,2425
2,0,3,0,3,1,2,-1.0673789963420421,-1.0861727338893554,0.1318054927911184,-0.2270799374629694,1536
2,0,3,0,4,1,3,-1.2403745040021752,-1.3302492703618058,2.0391826318237496,0.3504585110945159,1685
2,0,4,0,5,1,2,-1.0673789963420421,-1.171444576776123,0.40971921513520526,0.8803053267401537,2227
2,0,4,0,6,0,2,-0.9854346184438518,-0.9739558232049633,0.18153550050562164,0.08593511426202909,2252
2,0,4,0,0,0,1,-0.6394490660821126,-0.5865629445750249,-1.038369743091,-0.10675405085502106,3249
2,0,4,0,1,1,1,0.42582784659436196,0.4208058142028606,-1.4157505019014653,2.5172922385625824,3115
2,0,4,0,2,1,2,-0.44368941024186226,-0.4663932195281365,0.09962105747228701,2.5494995750744796,1795
2,0,4,0,3,1,1,-0.5711620845002873,-0.5323107595604949,-1.1027315926912888,0.9365004190916405,2808
2,0,4,0,4,1,1,-0.31622219894196396,-0.2494949352250506,-0.1753648922871672,-0.36354820306786645,3141
2,0,4,0,5,1,2,-0.8716248034603186,-0.9196975017595979,1.4628748211179,0.47105537288946325,1471
2,0,4,0,6,0,2,-0.835203258963836,-0.8150713560184221,1.7524926127631402,-0.7407069526296597,2455
2,0,4,0,0,0,2,-0.3754024286600369,-0.2921983574076224,1.6120718652987815,-0.564134359348891,2895
2,0,4,0,1,1,2,0.5477556179483432,0.5575745846591263,0.6253071887172361,1.7289221909394383,3348
2,0,4,0,2,1,2,0.03887010528352729,0.11475132629428826,0.7812514498137803,1.0889691243098192,2034
2,0,4,0,3,1,2,-0.45279616210561463,-0.3502121745241664,1.342934439671217,0.7759024582634882,2162
2,0,4,0,4,1,1,-0.1523334431455831,-0.07125616518410063,-0.6141797281132899,-1.0295277912297351,3267
2,0,4,1,5,0,1,-0.26614325812911666,-0.19907188305172266,0.30440365453693574,0.463093863823822,3126
2,0,4,0,6,0,3,-0.35264374343844646,-0.29983821379752057,1.828551510627211,1.9396892721034307,795
2,0,4,0,0,0,1,-0.21151367286365635,-0.17585776520193572,-1.041297515675632,1.4582308827076378,3744
2,0,4,0,1,1,1,0.09349969054898757,0.17668018628372803,-0.5995549072648773,-0.3473542097495845,3429
2,0,4,0,2,1,2,0.05707814605250535,0.0914574348436427,0.26637069508621397,-0.419562645294687,3204
2,0,4,0,3,1,1,0.5441937689890346,0.5525120292200374,-0.09637822183846524,0.6637445380065135,3944
2,0,4,0,4,1,1,-0.1978562765472913,-0.12556357807614785,-1.5503227252339342,1.7390385979207392,4189
2,0,4,0,5,1,2,-0.8670686960491791,-0.9351919896186284,0.713961827628859,0.37465272421943835,1683
2,0,4,0,6,0,2,-0.1933056320946783,-0.14870405875591194,1.8256307590799519,0.5192244382736426,4036
2,0,4,0,0,0,2,0.4713561429545968,0.4750150442015439,1.2844211142028188,0.021791416425234286,4191
2,0,4,0,1,1,1,0.6079301061182469,0.6145390721028414,1.0445403513094538,-0.06649488021515008,4073
2,0,4,0,2,1,1,0.7445040692818976,0.7347087971497301,0.7110410760816005,1.7550648446946884,4400
2,0,4,0,3,1,2,0.6807677321526853,0.6184786606990782,1.4570262969860088,1.5705436459286115,3872
2,0,4,0,4,1,2,0.6671103358363205,0.6417173242722062,0.5121070031488429,1.6829080234709186,4058
2,0,4,0,5,1,1,0.0798422942326228,0.1418068498469478,-1.199270856573036,0.6397180714259236,4595
2,0,4,0,6,0,1,-0.12501865051285324,-0.06340767014580342,-0.874547878061705,0.575355012723463,5312
2,0,5,0,0,0,2,-0.2388284654963865,-0.16046759666710458,0.9421455422584426,-1.0856067513582226,3351
2,0,5,0,1,1,2,0.2938099908418506,0.35885240849007977,0.7168896002134909,-0.09074070766140573,4401
2,0,5,0,2,1,2,0.6625596913837072,0.6610470814032738,0.48577811299927537,1.9636770279430207,4451
2,0,5,0,3,1,2,-0.44368941024186226,-0.4277337052660009,0.7666196079279941,1.7872721812065853,2633
2,0,5,0,4,1,1,-0.1978562765472913,-0.1990473373283816,-1.2899545752855188,1.353660267686639,4433
2,0,5,0,5,1,1,-0.08859710601637073,-0.001454264433022584,-0.2660556320370241,0.48723646262741155,4608
2,0,5,0,6,0,1,0.1344718794980831,0.23482286844781278,-0.6083312039813995,-0.3875746696484559,4714
2,0,5,0,0,0,1,0.1799947128997907,0.27355601987997125,0.026489932192848842,-1.4948631569990798,4333
2,0,5,0,1,1,1,0.20275886107990812,0.31229530774296516,-0.2748319287535464,-0.1869239954657645,4362
2,0,5,0,2,1,1,0.20275886107990812,0.29680081988393464,-0.9740078934907107,-0.9653840933929404,4803
2,0,5,0,3,1,1,0.2573884463453684,0.33164961059737386,0.03526622890937111,-0.9012403955561457,4182
2,0,5,0,4,1,1,0.21641625739627351,0.30074040848017153,0.8397577542448057,-0.010570763050662298,4864
2,0,5,0,5,1,2,0.09349969054898757,0.12239731911502187,1.6530255762967618,-0.1388581587242519,4105
2,0,5,0,6,0,2,0.13902252395069578,0.16123478987137968,2.068439294557949,-0.7166159681474034,3409
2,0,5,0,0,0,2,0.366647616876289,0.3782864849453471,1.6793544664463294,-0.48397731831848084,4553
2,0,5,0,1,1,1,0.4485919947744794,0.46733836922663413,1.1235270217581557,-0.8208639936600695,3958
2,0,5,0,2,1,2,0.3620969724236763,0.3938055185277186,1.4745788904190542,1.1209054856347171,4123
2,0,5,0,3,1,2,0.29836063529446394,0.32402816349998165,1.6998348324640058,0.14201407439051617,3855
2,0,5,0,4,1,2,0.19365210921615605,0.22329251490836022,1.4160655649506553,-1.0616189955186324,4575
2,0,5,0,5,1,1,0.22552300926002558,0.3355891991936107,0.6437514538966793,-0.8448388459193261,4917
2,0,5,0,6,0,1,0.5851659579381301,0.5990445842438109,-0.008615254673241007,-0.9011371669134796,5805
2,0,5,0,0,0,1,0.5942727098018822,0.6145390721028414,0.8543825750932184,-0.5481210161552756,4660
2,0,5,0,1,1,2,0.7445040692818976,0.7114701335766022,1.2785725900709284,0.5594448981725137,4274
2,0,5,0,2,1,2,0.8992860732145265,0.8005527000120657,0.792948498077561,0.21427412425695155,4492
2,0,5,0,3,1,1,0.9038367176671391,0.8663904664435659,0.47992958886738496,-0.46779622858053294,4978
2,0,5,0,4,1,1,1.1633272476780752,1.106607187920638,0.34828513811954787,0.118142450773926,4677
2,0,5,0,5,1,1,1.0176519956091992,0.9981150907532482,0.18153550050562164,0.6476666769112316,4679
2,0,5,0,6,0,1,0.876521925034409,0.8469809357116396,0.713961827628859,0.5110564719226689,4758
2,0,5,0,0,0,1,0.9402582621636213,0.866439557890248,1.3400066670865851,0.30261203521866914,4788
2,0,5,1,1,0,1,1.2999012108417258,1.2072691993422362,0.400942918418683,-0.7646818048889159,4098
2,0,5,0,2,1,1,1.527526303767319,1.540422165819315,0.06159511905893869,-1.0214114392000946,3982
2,0,6,0,3,1,2,1.468346074049246,1.5133236872508087,0.34535736553491597,0.21427412425695155,3974
2,0,6,0,4,1,1,1.1997487921745573,1.0406651021649382,-2.2670512834041436,1.3135946507517668,4968
2,0,6,0,5,1,1,0.6807677321526853,0.6920606028446759,-1.9218479388751357,0.8082130234180509,5312
2,0,6,0,6,0,1,0.7627121100508757,0.7384704292517441,-1.2051193807049265,-0.8689814447229156,5342
2,0,6,0,0,0,2,0.835549736085314,0.8741346421576633,0.17275920378909862,-0.6683307705402243,4906
2,0,6,0,1,1,1,0.9994384918816943,0.9051481635990654,-0.19584525830484442,-0.8850593058181975,4548
2,0,6,0,2,1,1,1.1587766032254625,1.1143513636347355,-0.21047007915325705,-0.0345585188902522,4833
2,0,6,0,3,1,1,1.5320769482199317,1.5520568386829672,-0.04079968999207238,-0.692524983665147,4401
2,0,6,0,4,1,2,1.7096231003326774,1.7379906929913327,-0.4181804488025377,-0.5239268030303532,3915
2,0,6,0,5,1,1,1.4182671332363985,1.4048622722375952,-0.16074007143875457,-0.6443043039596348,4586
2,0,6,0,6,0,1,1.2543783774400177,1.2498928479239495,0.18738402463751203,-0.45983471951489163,4966
2,0,6,0,0,0,1,1.076832225327272,1.0368789243395833,0.8426855268294376,-0.3473542097495845,4460
2,0,6,0,1,1,1,0.7627121100508757,0.7811677150034805,-0.9359819550773624,1.4821541206455615,5020
2,0,6,0,2,1,1,0.5942727098018822,0.7191406721206764,-0.8482189879121381,1.0167606887647171,4891
2,0,6,0,3,1,1,0.7171892766491675,0.695871326393372,-1.0968760475220252,-0.2912881532014311,5180
2,0,6,0,4,1,2,0.7262905655543935,0.7424591092946631,0.4243440359836179,0.20626100086997742,3767
2,0,6,0,5,1,1,0.8401058434964535,0.7733683114118655,0.7578433112114711,-0.6123679426347369,4844
2,0,6,0,6,0,1,1.0995963735073895,1.0407387393349614,0.2985551304050454,-0.9171634136874284,5119
2,0,6,0,0,0,2,1.1132537698237543,1.0523488664752725,0.27222624025547776,-1.1417889401293762,4744
2,0,6,0,1,1,2,0.7627121100508757,0.7424591092946631,0.8309814575282827,-0.4517699818065839,4010
3,0,6,0,2,1,2,1.0130958881980596,1.002030133626144,1.0006588677268415,-0.2511193076238925,4835
3,0,6,0,3,1,1,1.2999012108417258,1.3467932272435337,0.5589162593160869,-0.2351575787516104,4507
3,0,6,0,4,1,2,1.2725864182089957,1.3468177729668749,0.5296595965818874,0.6234724637863087,4790
3,0,6,0,5,1,1,1.249827732987405,1.1182357243534549,-0.3830752619364478,0.40696328937400167,4991
3,0,6,0,6,0,1,1.0904896216436368,1.0368052871695599,-1.0149686255260644,0.24626209990318265,5202
3,0,6,0,0,0,1,1.008545243745447,1.0019258143019443,-0.8043375043295252,-1.2381361034039675,5305
3,0,6,0,1,1,2,1.0222026400618118,0.9980905450299071,0.21371291478707882,-1.06968373322694,4708
3,0,6,0,2,1,1,1.3590869035183255,1.3389938236519188,0.044042525625894155,-0.5961868528967886,4648
3,0,6,0,3,1,1,1.2725864182089957,1.106607187920638,-0.9125738164750536,0.9204741723176922,5225
3,0,6,0,4,1,1,1.0995963735073895,0.9981150907532482,-1.3601649490176986,-0.06676585540214948,5515
3,0,7,0,5,1,1,1.2407209811236528,1.0911065636307722,-1.6263816230980044,-1.1339435632867347,5362
3,0,7,0,6,0,1,1.327216003474456,1.1840489450616138,-1.2870338237382604,-0.9732423738159156,5119
3,0,7,0,0,0,2,1.20885554403831,1.191823802929888,0.3833903249856377,0.4951334537913863,4649
3,0,7,1,1,0,2,1.2634851293037697,1.1724449543521382,0.07037141577546095,-1.4065807314327956,6043
3,0,7,0,2,1,1,1.3727442998346904,1.3621895322092,-0.2631278594523922,-0.8287738884043779,4665
3,0,7,0,3,1,1,1.2270635848072875,1.2964990401177463,0.8105010915106062,-0.5239268030303532,4629
3,0,7,0,4,1,1,1.3909523406036683,1.3040959414917974,0.16398290707257634,-0.40370414506507096,4592
3,0,7,0,5,1,2,1.1678833550892145,1.2035321129635628,0.9128959005616165,0.44701600272854014,4040
3,0,7,0,6,0,1,1.2999012108417258,1.1647191879305463,-0.13148340870455508,-0.2912881532014311,5336
3,0,7,0,0,0,1,1.3772949442873035,1.323450244346206,-0.347970075070358,-0.09052134679573991,4881
3,0,7,0,1,1,1,1.4592393221854933,1.5675513265419976,0.0557395738896749,1.1852040264355117,4086
3,0,7,0,2,1,1,1.6322348298456264,1.6256694629827413,-0.4825352773654536,0.1260394419379004,4258
3,0,7,0,3,1,1,1.3727442998346904,1.31963952079751,0.026489932192848842,-0.5723152292801984,4342
3,0,7,0,4,1,1,1.0130958881980596,0.9864313264429139,-1.0646986332405672,0.6475118339472322,5084
3,0,7,0,5,1,1,0.9174941139835039,0.9205690142880727,-0.25727933532050107,-0.09875383104838023,5538
3,0,7,0,6,0,1,1.0449667882419291,1.005816311451499,-0.30116081890311397,0.2304035996735666,5923
3,0,7,0,0,0,1,1.2225129403546748,1.1995434329206445,-0.16658859557064493,0.7038488656823851,5302
3,0,7,0,1,1,1,1.3727442998346904,1.4087466329563145,0.16398290707257634,0.3266901161205918,4458
3,0,7,0,2,1,1,1.5366330556310712,1.6760127415552108,0.15813438294068596,-0.7727465425972236,4541
3,0,7,0,3,1,1,1.4911047592708369,1.6721529265598327,0.5559884867314551,-0.989307331330864,4332
3,0,7,0,4,1,2,1.7460446448291596,2.1601280430105105,0.44482440200129514,0.40691167505266845,3784
3,0,7,0,5,1,1,1.9281414413945184,2.249259700892656,-0.3333382331845719,-0.7404875917639935,3387
3,0,7,0,6,0,1,1.932697548805658,2.024611104444638,-0.8979489956266407,-0.7647334192102492,3285
3,0,7,0,0,0,1,1.82798902272735,1.9665727416047527,-0.5410486028338517,-0.2750425455618159,3606
3,0,7,0,1,1,1,1.3545307961071862,1.513268459373291,0.9070403553923527,-1.2862019401454805,3840
3,0,7,0,2,1,1,1.509318262998341,1.3661229843746014,-0.6112589765660315,0.1260910562592336,4590
3,0,7,0,3,1,1,1.527526303767319,1.327389832942443,-1.57957236693076,-0.09062457543840599,4656
3,0,7,0,4,1,1,1.5502904519474365,1.6295047322547784,-0.3128648882042681,-0.15493601981953375,4390
3,0,7,0,5,1,1,1.8735118561290582,1.912191691542682,-0.5995549072648773,-0.21095046204635431,3846
3,0,7,0,6,0,1,1.6868644151110865,1.5597764686737234,-1.1378367795573787,-0.28322341549312335,4475
3,0,7,0,0,0,1,1.6959657040163125,1.5675022350953154,-1.0325212189591093,-0.3312763486543026,4302
3,0,8,0,1,1,1,1.509318262998341,1.4048622722375952,-0.5410486028338517,-0.4357437350326353,4266
3,0,8,0,2,1,1,1.5730491371690267,1.428051844364041,-0.9593830726422976,0.1982478774830029,4845
3,0,8,0,3,1,2,1.2907999219364998,1.2615459300801073,0.20786439065518847,-0.7084480017964295,3574
3,0,8,0,4,1,2,1.1724339995418271,1.16858513935676,0.9099681279769847,0.08598672858336194,4576
3,0,8,0,5,1,1,1.1769846439944405,1.1181375414600907,0.020634387023585048,-0.0747144608874571,4866
3,0,8,0,6,0,2,1.20885554403831,1.2383318122303204,0.8924155345439401,0.48728807694874476,4294
3,0,8,0,0,0,1,1.3499801516545735,1.4784994422607105,0.8777907136955275,0.14194955648884966,3785
3,0,8,0,1,1,1,1.4728967185018587,1.4048070443600778,-0.2514308111886107,0.021791416425234286,4326
3,0,8,0,2,1,1,1.527526303767319,1.5326779901052172,-0.4035486069167516,-0.5079521705777374,4602
3,0,8,0,3,1,1,1.4820034703656109,1.2925103600748273,-1.4303753227498783,0.1260910562592336,4780
3,0,8,0,4,1,1,1.2134061884909226,1.0871731114653707,-1.4333030953345103,-0.3314957095199688,4792
3,0,8,0,5,1,1,1.1633272476780752,1.10264305360106,-1.4947371723501677,-0.8369934690766846,4905
3,0,8,0,6,0,2,1.0404106808307898,1.0524225036452959,0.713961827628859,0.2705595416707715,4150
3,0,8,0,0,0,2,0.9903372029764689,0.9206733336122723,1.3312303703700628,0.4148086662166432,3820
3,0,8,0,1,1,1,0.9311515102998692,0.870225735715603,0.5910936735975449,0.23830059083754138,4338
3,0,8,0,2,1,1,1.1223550587289803,1.052293638597755,-0.347970075070358,0.5915361024614109,4725
3,0,8,0,3,1,1,1.2452716255762655,1.1801400386195535,-0.3684434200506618,-0.6041354583820963,4694
3,0,8,0,4,1,1,1.1815407514055798,1.153059969343553,0.18738402463751203,0.5512640282412066,3805
3,0,8,0,5,1,2,1.0358600363781771,0.9748764271801202,0.6671595924989884,-0.6603821650549166,4153
3,0,8,0,6,0,1,1.1041470179600021,1.0716786236063403,0.3248840205546122,-1.1099558074471445,5191
3,0,8,0,0,0,1,1.1769846439944405,1.2344719972349423,0.9977310951422097,0.7518630881025649,3873
3,0,8,0,1,1,1,1.0722815808746593,1.0057610835739814,-1.1085801168231797,1.113111723113409,4758
3,0,8,0,2,1,1,0.7945775471362185,0.8082477842794811,-1.210967904836817,-0.5641859736702242,5895
3,0,8,0,3,1,1,0.9721236992489641,0.9593573935977486,-0.16074007143875457,0.8080452768737183,5130
3,0,8,0,4,1,2,1.0313093919255638,1.0523979579219547,1.009435164443364,0.262546418283797,3542
3,0,8,0,5,1,1,1.117804414276367,1.1375654814845224,0.9362970181265522,-1.3745372703911314,4661
3,0,8,0,6,0,2,1.008545243745447,0.9892049931804512,1.5594140849996465,2.388849999924994,1115
3,0,8,0,0,0,1,1.1563674385152556,1.0653151448301763,-0.46429462226983337,1.4732377466352569,4334
3,0,8,0,1,1,1,0.7718188619146278,0.8198517749889569,-0.5147197126842842,-0.3956394073567636,4634
3,0,8,0,2,1,1,0.7854762582309932,0.7385195206984262,-0.5586011962668971,-0.844903363820993,5204
3,0,8,0,3,1,1,0.8810780324455484,0.8392613057208831,-0.21047007915325705,-1.3826562031368386,5058
3,0,9,0,4,1,1,0.8719712805817963,0.8625797428948697,0.079147712491984,-0.6282780571856857,5115
3,0,9,0,5,1,2,0.808234943452584,0.8005220178578892,0.6964092341958145,-0.6523690416679421,4727
3,0,9,0,6,0,1,0.9493650140273734,0.974827335733438,0.6232781089163763,-0.06659810885781652,4484
3,0,9,0,0,0,1,1.1678833550892145,1.1725185915221614,0.801724794794084,0.20620938654864418,4940
3,0,9,1,1,0,2,0.9721236992489641,0.9283929636030288,1.141079615191201,0.28658578844472016,3351
3,0,9,0,2,1,3,0.24373105002900364,0.25064872357194723,1.8188905632016628,1.9801419964483014,2710
3,0,9,0,3,1,3,0.566957917169152,0.4287831742886979,2.030406335107227,-1.2060384473249037,1996
3,0,9,0,4,1,3,0.7567738741325205,0.4970939223468079,2.1882532973319133,0.0291851679562105,1842
3,0,9,0,5,1,2,0.8446564879490661,0.6418216435964053,1.8958411328121316,-0.8530197158506335,3544
3,0,9,0,6,0,1,0.8992860732145265,0.8198763207122979,0.8836392378274178,-0.4758609662888403,5345
3,0,9,0,0,0,1,0.8628645287180436,0.8276511785805719,0.602797742898699,-0.9733456024585818,5046
3,0,9,0,1,1,1,0.8137798463570275,0.7840886560810643,0.451311840534148,-1.310658095951169,4713
3,0,9,0,2,1,1,0.8492071324016788,0.7928269335904738,0.5940214461821768,-0.6281748285430196,4763
3,0,9,0,3,1,1,0.9721236992489641,0.9360880478704442,0.48577811299927537,-0.29918514436540544,4785
3,0,9,0,4,1,2,0.4485919947744794,0.48672335423521934,0.5706203286172411,1.0408000589256403,3659
3,0,9,0,5,1,2,-0.14322669128183102,-0.0790310230523743,-0.2631278594523922,-0.33940560426427685,4760
3,0,9,0,6,0,2,-0.020310124434545378,0.02551534908794323,0.6349751571801571,-0.010467534407995858,4511
3,0,9,0,0,0,1,0.06618489791625742,0.09930592988193991,0.47115329215086194,-0.15488440549820054,4274
3,0,9,0,1,1,2,0.2938099908418506,0.33947355991232997,0.43604810528477206,-0.49993904719076293,4539
3,0,9,0,2,1,2,0.3620969724236763,0.35507236709556017,1.778821502912708,-0.7165643538260701,3641
3,0,9,0,3,1,2,0.5441937689890346,0.4674672342741742,1.910465953660545,-1.2139947949584118,4352
3,0,9,0,4,1,2,0.7262905655543935,0.4946516228743745,1.9250907745089576,-0.8046829039221215,4795
4,0,9,0,5,1,2,0.6215875024346124,0.2931435071061197,2.419491163218847,-1.446743125220167,2395
4,0,9,0,6,0,2,0.6079301061182469,0.5526347578367427,1.6471770521648714,-1.4465289257866343,5423
4,0,9,0,0,0,2,0.758161465598263,0.6031069014567524,1.5243088981335566,-1.807882079798178,5010
4,0,9,0,1,1,2,0.8401058434964535,0.7037750493091861,1.5477100156984922,-1.0295277912297351,4630
4,0,9,0,2,1,2,0.7718188619146278,0.6146924828737225,1.8080781656469074,-0.9331251425597105,4120
4,0,9,0,3,1,2,0.7627121100508757,0.6185768435924418,1.5506377882831242,-0.5401078927683015,3907
4,0,9,0,4,1,1,0.6625596913837072,0.6146127092728646,0.5004099548850615,-0.22714445536463626,4839
4,0,9,0,5,1,1,0.37575436874004103,0.43246503278985393,0.13765401692300877,0.20631261519131028,5202
4,0,10,0,6,0,2,-0.4664535584219797,-0.3773351988160137,0.8836392378274178,1.313710782974767,2429
4,0,10,0,0,0,2,-0.7578095255182585,-0.7918265560144586,1.1498559119077232,0.4068084464100024,2918
4,0,10,0,1,1,2,-0.6075781660382431,-0.5050772795136129,0.9333692455419204,-1.3824949083826725,3570
4,0,10,0,2,1,1,-0.06128231338364059,-0.009180030854614477,0.5764688527491315,0.19829949180433615,4456
4,0,10,0,3,1,1,0.23462429816525096,0.32390543488327633,0.14058178950764066,-0.17079452004914977,4826
4,0,10,0,4,1,1,-0.0066527281181803085,0.03725434127579482,-0.04957598670859465,-0.7165643538260701,4765
4,0,10,0,5,1,1,0.0843929386852355,0.18439981627448448,0.3950943942867919,-2.169021034376189,4985
4,0,10,0,6,0,1,0.14357863136183516,0.23863359199650888,0.5150347757334748,-1.872077391956306,5409
4,0,10,0,0,0,1,0.24828169448161633,0.30454499559803216,0.6993370067804463,-1.6392219619777844,5511
4,0,10,1,1,0,1,0.4121704502779972,0.4207812684795195,0.7432184903630584,-1.9120784909895112,5117
4,0,10,0,2,1,2,0.38941176505640646,0.4402398906581279,1.2697962933544054,-0.6122001960904039,4563
4,0,10,0,3,1,3,0.2619390907979811,0.2660941199842956,1.954347437243157,0.7440693255812565,2416
4,0,10,0,4,1,2,0.5123283319036918,0.4752666378657893,1.8870648360956093,-0.6283941894086855,2913
4,0,10,0,5,1,2,0.3029112797470766,0.33947355991232997,0.6203503363317444,0.4309381416332583,3644
4,0,10,0,6,0,1,0.06163425346364474,0.14955102556104533,-1.0149686255260644,0.8722405890318463,5217
4,0,10,0,0,0,1,0.08894904609637488,0.17672927773041017,-0.9915604869237556,1.1772038066288704,5041
4,0,10,0,1,1,1,0.21186561294366082,0.22318819558416053,-0.3391937783538357,-0.19493711885273898,4570
4,0,10,0,2,1,2,0.20275886107990812,0.29680081988393464,0.5179625483181067,-1.0374376859740435,4748
4,0,10,0,3,1,3,0.25323113490666743,0.24235226908267615,1.8768843319044435,0.6819902005977884,2424
4,0,10,0,4,1,1,-0.1068106097438752,-0.04804204733431336,0.05866734647430679,2.990905251115734,4195
4,0,10,0,5,1,1,-0.3708517842074242,-0.3114728866611725,-0.377219716767184,0.3988469373443611,4304
4,0,10,0,6,0,1,-0.3981665768401544,-0.29983821379752057,0.008937338759804306,-1.2622219264540908,4308
4,0,10,0,0,0,1,-0.40271722129276705,-0.31922319880610545,0.7958762706621928,-1.17388659620844,4381
4,0,10,0,1,1,1,-0.17509759132570055,-0.10608041017419874,1.0123559159906224,-0.925112019172736,4187
4,0,10,0,2,1,1,-0.12956929496546593,-0.06737180446538134,-0.03494414482280781,-0.307469242939379,4687
4,0,10,0,3,1,2,-0.06128231338364059,-0.009253668024637665,0.6496069990659431,-0.5399401462239686,3894
4,0,10,0,4,1,2,-0.13867604682921833,-0.10620927522173915,1.2990529560886048,0.09389662332767036,2659
4,0,10,0,5,1,2,-0.8989395960930486,-0.9544726553030142,-0.2953122947712228,0.5031465771783604,3747
4,0,10,0,6,0,3,-1.3177627744892257,-1.512268081797276,1.78759779962923,2.0759897911639946,627
4,0,10,0,0,0,1,-0.9626704702637343,-0.9390272588906659,-0.029095620690917437,-0.17896248640012358,3331
4,0,10,0,1,1,1,-0.848860655280201,-0.7258844702587588,0.5296595965818874,-1.0856583656795558,3669
4,0,11,0,2,1,1,-0.516532499234827,-0.474137395242234,0.39216662170216,-0.7086028447604289,4068
4,0,11,0,3,1,1,-0.6439997105347253,-0.5168162717014645,0.6379029297647889,-1.3986772884786542,4186
4,0,11,0,4,1,1,-0.4755603102857318,-0.41993430167438617,0.5208832998653652,-0.692524983665147,3974
4,0,11,0,5,1,2,-0.5028751029184619,-0.43545333525675733,-0.037871917407439705,1.048968025276614,4046
4,0,11,0,6,0,1,-0.9216982813146394,-0.9235327710316353,-0.7633767722941716,-0.01837742915230427,3926
4,0,11,0,0,0,1,-0.8033378218784931,-0.6872556381507997,0.7490670144949488,-1.2701253694082322,3649
4,0,11,0,1,1,1,-0.5483979363201699,-0.4509232773924471,0.9187444246935077,-1.7195467495525274,4035
4,0,11,0,2,1,1,-0.4755603102857318,-0.3811213766413691,0.6583832957824661,-1.5671232068655152,4205
4,0,11,0,3,1,1,-0.5210831436874397,-0.40055545309663637,0.9158166521088758,-1.655405632431799,4109
4,0,11,0,4,1,2,-0.6303423142183603,-0.6175273745697448,1.3019737076358633,-0.018312911250637387,2933
4,0,11,1,5,0,1,-0.9353556776310045,-1.028079143171953,-1.2753297544371063,1.6024800072535095,3368
4,0,11,0,6,0,1,-0.7578095255182585,-0.7143541167193063,-0.5264167609480657,0.27840491851341304,4067
4,0,11,0,0,0,1,-0.29801415817298615,-0.2688001466327775,-1.1904945598565135,1.1772554209502035,3717
4,0,11,0,1,1,1,0.18910146476354336,0.3084048105934104,-0.28653599805470054,1.498231981740843,4486
4,0,11,0,2,1,2,0.18910146476354336,0.20388298417643394,0.4272718085682498,0.11802631855092627,4195
4,0,11,0,3,1,3,-0.21151367286365635,-0.13724734238648223,2.121097074857084,-0.6923701407011473,1817
4,0,11,0,4,1,2,-0.839753903416449,-0.9274171317503547,-0.3655226685034025,1.4823089636095605,3053
4,0,11,0,5,1,1,-1.2085036039583057,-1.2373068889309642,-1.5298423592162576,-0.28327502981445657,3392
4,0,11,0,6,0,1,-0.9080408849982744,-0.9196729560362571,-0.883324174778228,0.43884803637756636,3663
4,0,11,0,0,0,2,-0.17509759132570055,-0.10613563805171597,0.39801514583405034,-0.05853337114950881,3520
4,0,11,0,1,1,3,-0.26159261367650366,-0.1797482623514901,1.9806763273927246,-0.6765632547928645,2765
4,0,11,0,2,1,3,-0.43003201392549717,-0.3231321052481658,2.349280789486668,-0.925112019172736,1607
4,0,11,0,3,1,2,-0.29801415817298615,-0.26887992023363577,0.9128959005616165,1.8753907313026363,2566
4,0,11,1,4,0,1,-0.6667638587148428,-0.6251979131138194,-0.5527456510976333,-0.2991335300440722,1495
4,0,11,0,5,1,1,-0.6576571068510904,-0.5748791802646909,0.11132512677344196,-1.181844234199981,2792
4,0,11,0,6,0,1,-0.6531064623984777,-0.5477807016961843,0.37754180085374733,-1.5750808448570564,3068
4,0,11,0,0,0,1,-0.1978562765472913,-0.11385526804247276,0.4945544097157976,0.23830059083754138,3071
4,0,11,0,1,1,1,0.04421287872248949,0.09675931108530719,0.808464990672373,-0.6240714899970327,3867
4,0,11,0,2,1,2,-0.2024123839584307,-0.1410089744884962,1.4248418616671783,0.8723567212548458,2914
4,0,11,0,3,1,1,-0.9308050331783915,-1.0010543017734694,-0.10223376700772903,1.0409549018896398,3613
4,0,12,0,4,1,1,-0.9990920147602168,-1.0358294553168859,-0.7253508338808232,0.38287230489174534,3727
4,0,12,0,5,1,1,-0.9899852628964645,-0.8770247617312029,-0.0144707998425048,-1.157866801224658,3940
4,0,12,0,6,0,1,-1.0719296407946548,-1.0048404795988248,-0.1051545185549875,-1.2220066279873527,3614
4,0,12,0,0,0,1,-0.8989395960930486,-0.7686124381646714,1.0386848061401899,-1.374591465428531,3485
4,0,12,0,1,1,2,-0.5984768771330174,-0.49354692597415994,1.3985129715176106,-1.6552443376776333,3811
4,0,12,0,2,1,3,-0.17964823577831324,-0.11017340954131707,2.2585900497368105,0.543199290532899,2594
4,0,12,0,3,1,3,-0.4664535584219797,-0.4547585466644843,2.404866342370434,0.9766563610888455,705
4,0,12,0,4,1,1,-1.2540319003185403,-1.3341581768038664,-0.3362660057692038,0.639653553524257,3322
4,0,12,0,5,1,1,-1.1174579371548894,-0.9622659224637938,0.47700181628275307,-1.3906125507703466,3620
4,0,12,0,6,0,1,-1.2039529595056926,-1.276021631070617,-0.8452912153275062,0.5514317747855396,3190
4,0,12,0,0,0,1,-1.4998650340131112,-1.3573784310844887,-0.9681593693588203,-1.5993279626613455,2743
4,0,12,0,1,1,1,-1.404263259798556,-1.2528013767899946,0.30147588195230385,-1.6392219619777844,3310
4,0,12,0,2,1,1,-1.1629807705565978,-1.062927933885392,-0.2660556320370241,-0.6443559182809676,3523
4,0,12,0,3,1,2,-0.9717772221274867,-0.834505432473689,0.2517458742378006,-1.671373813094248,3740
4,0,12,0,4,1,2,-0.3981665768401544,-0.38117660451888663,0.044042525625894155,1.0007473455711018,3709
4,0,12,0,5,1,2,-0.6576571068510904,-0.7027992174565123,-0.8950212230420087,0.90439631122241,3577
4,0,12,0,6,0,2,-1.2950040892676353,-1.3805925489342756,-0.47083822910167206,0.679770784780462,2739
4,0,12,0,0,0,1,-1.404263259798556,-1.4038618946615802,-0.2923845221865909,-0.2671971687191747,2431
4,0,12,0,1,1,1,-1.1948462076419406,-1.1869145189118124,0.06744364319082906,-0.2269767088203033,3403
4,0,12,0,2,1,2,-0.5984768771330174,-0.4780278923917888,-0.22802267258630238,-1.6634703701401068,3750
1,0,12,0,3,1,2,-0.3663011397548112,-0.2843437259384901,1.617920389430672,0.3988985516656943,2660
1,0,12,0,4,1,2,-0.3936159323875414,-0.295978398802142,0.9099681279769847,-1.8479373738687832,3068
1,0,12,0,5,1,1,-0.6667638587148428,-0.5942580288424407,0.40971921513520526,1.0808011579588455,2209
1,0,12,0,6,0,1,-1.053721600025677,-1.0745626067490444,-0.5995549072648773,-0.002351182378355281,1011
1,0,12,0,0,0,1,-1.2051384215059533,-1.1928791296836845,0.3749931642872692,-0.456724956654568,754
1,0,12,1,1,0,1,-0.9486197409334581,-0.9745817391501598,-0.8491036386211633,0.6320017303866151,1317
1,0,12,0,2,1,2,-0.9308050331783915,-0.9003431989051892,0.9450733148430746,-0.026274420316278663,1162
1,0,12,0,3,1,1,-1.0721317702601372,-1.1927993560828263,-0.8704756763852384,1.3351952442296986,2302
1,0,12,0,4,1,1,-1.3496336745330955,-1.291485436775471,-0.377219716767184,-0.9171117993660951,2423
1,0,12,0,5,1,1,-1.0036426592128296,-0.9544726553030142,0.06159511905893869,-0.7245258628917114,2999
1,0,12,0,6,0,1,-0.4664535584219797,-0.3696155688252572,-0.08468117357468449,0.3828206905704121,2485
1,1,1,0,0,0,1,-0.6849718994838205,-0.6058681559827519,0.4536006987178174,0.021688187782567845,2294
1,1,1,1,1,0,1,-1.2146439693421434,-1.3625943972944594,-1.7313180476781203,1.7959046764495572,1951
1,1,1,0,2,1,1,-1.8868227753239457,-2.1359626390313906,-1.3104349413031962,2.2605109899300713,2236
1,1,1,0,3,1,2,-2.118998512702152,-2.178537196166422,-1.4976649449347996,-0.07466284656612387,2368
1,1,1,0,4,1,1,-1.2540319003185403,-1.2023844610475019,-0.7282715854280818,-0.7806564373415317,3272
1,1,1,0,5,1,1,-0.8807260923655442,-0.8228155317325195,-0.6024826798495092,-0.2913397675227639,4098
1,1,1,0,6,0,1,-0.5575046881839222,-0.5128521373818868,-0.6756138051289473,-0.20295024223971347,4521
1,1,1,0,0,0,1,-0.8625180515965661,-0.8228707596100368,-1.1436853036892691,0.013623450074260489,3425
1,1,1,0,1,1,2,-1.4816515302856066,-1.3922026760745867,0.5179625483181067,-1.1817900391625815,2376
1,1,1,0,2,1,1,-1.0198731089951978,-0.9543867452713205,0.13078744237200213,-0.037861835455575046,3598
1,1,1,0,3,1,2,-1.2085036039583057,-1.1753289374948424,1.541861491566602,-0.7647334192102492,2177
1,1,1,0,4,1,2,-0.6166849179019952,-0.5671043223964168,1.2288425823564253,-0.12283191195030291,4097
1,1,1,0,5,1,1,-1.2085036039583057,-1.380647776811793,-0.8452912153275062,2.420992818535224,3214
1,1,1,0,6,0,1,-1.7229340195275649,-1.7873397304186227,-1.196343083988404,-0.04262325659855992,2493
1,1,1,0,0,0,1,-1.795771645562003,-1.919039809004964,-1.4654805096159682,0.7841736532571278,2311
1,1,1,1,1,0,1,-1.6683044342621047,-1.7408501304106958,-0.7399756547292367,0.5273924046246161,2298
1,1,1,0,2,1,2,-0.6683481166875412,-0.6754736909471011,0.6192059072399096,2.047072867637087,2935
1,1,1,0,3,1,1,-1.0491709555730642,-1.2217633096252516,-1.2958101204547832,2.9025673401540164,3376
1,1,1,0,4,1,1,-1.6683044342621047,-1.744685399682733,-0.9155015890596855,0.38287230489174534,3292
1,1,1,0,5,1,2,-1.5180730747820892,-1.5549469582565065,-1.2490008642875388,0.15824677844979768,3163
1,1,1,0,6,0,2,-1.7593555640240472,-1.8377321004377745,1.42776963425181,0.414924798439643,1301
1,1,1,0,0,0,2,-1.8185357937421203,-1.915204539732927,1.182033326189181,0.11809083645259279,1977
1,1,1,0,1,1,2,-1.5135224303294763,-1.4193318367972696,1.989452624109247,-1.029424562587069,2432
1,1,1,0,2,1,1,-0.835203258963836,-0.7685633467179895,1.4599470485332682,-0.8609167070146081,4339
1,1,1,0,3,1,1,-1.099244433427385,-1.101691767471727,0.11132512677344196,-0.37956154626148175,4270
1,1,1,0,4,1,2,-0.839753903416449,-0.7259642438596174,0.9948033225575778,-1.5108855326989283,4075
1,1,1,0,5,1,2,-0.3845091805237893,-0.36187139311115973,0.7958762706621928,1.9636770279430207,3456
1,1,1,0,6,0,1,-0.980883973991239,-0.9080382831726049,-0.593706383132987,0.2624948039624638,4023
1,1,1,0,0,0,1,-1.1629807705565978,-1.2373068889309642,-2.223169799821531,0.639550324881591,3243
1,1,1,0,1,1,1,-1.2358183965910357,-1.299260294643745,-1.5942042088165465,0.32653527315659253,3624
1,1,1,0,2,1,1,-0.5757127289528999,-0.570915045945113,-1.4830331030490131,0.9204225579963591,4509
1,1,2,0,3,1,1,-0.14322669128183102,-0.047962273733455074,-0.8423634427428743,-0.018312911250637387,4579
1,1,2,0,4,1,2,-0.5256337881400527,-0.46258249597944007,0.3161077238380899,-0.0425716422772267,3761
1,1,2,0,5,1,1,-0.9945413703076041,-1.0125601095895813,-0.7107189919950372,-0.15471665895386758,4151
1,1,2,0,6,0,2,-1.2631331892237658,-1.2372823432076232,1.0650136962897574,-0.8850593058181975,2832
1,1,2,0,0,0,2,-1.2540319003185403,-1.2876256217800928,0.42142328443635946,-0.1869756097870977,2947
1,1,2,0,1,1,1,-1.162385308077204,-1.0918427959811352,-0.0401607755911091,-0.4733834788648482,3784
1,1,2,0,2,1,1,-0.7714669218346236,-0.6949507224182154,-0.9242778857762078,-0.5562373681849162,4375
1,1,2,0,3,1,2,-1.3041053781728609,-1.2759664031930995,0.6671595924989884,-0.732474468377019,2802
1,1,2,0,4,1,1,-1.258582544771153,-1.3031692010858054,-0.4620619323851498,0.04581788300582375,3830
1,1,2,0,5,1,2,-1.1720875224203497,-1.10944207961666,-0.6171075006979219,-0.9491513893336593,3831
1,1,2,0,6,0,3,-1.4816515302856066,-1.616869681815111,0.7256658969300132,1.281451832141537,2169
1,1,2,0,0,0,1,-2.009739342171231,-2.287023156902976,-1.1466130762739015,2.8223457812219395,1529
1,1,2,0,1,1,1,-1.490758282149359,-1.512268081797276,-1.5210660624997348,-0.29940450523107165,3422
1,1,2,0,2,1,2,-0.9626704702637343,-0.8616039110421952,-0.8365149186109831,-0.636239566251327,3922
1,1,2,0,3,1,1,-0.8033378218784931,-0.7530934045823001,-0.6785415777135793,-0.11466394559932912,4169
1,1,2,0,4,1,2,-0.9763278665800994,-0.8848241653228176,0.8777907136955275,-1.2782443021539394,3005
1,1,2,0,5,1,1,-0.8306526145112233,-0.7530934045823001,0.04696327717315263,0.1981962631616697,4154
1,1,2,0,6,0,1,-0.8124391107837189,-0.7297995131316546,-0.6551404601486436,0.005713555329952076,4318
1,1,2,0,0,0,2,-1.1766381668729624,-1.2798507639118188,-0.7867849108964807,0.8080968911950516,2689
1,1,2,1,1,0,1,-1.1766381668729624,-1.2331954802713403,-0.8430023571438369,0.4980367593663767,3129
1,1,2,0,2,1,1,-1.1338850534442133,-1.0998999296678311,-0.23552816153827227,0.19653170129867514,3777
1,1,2,0,3,1,1,-0.5438472918675571,-0.5012665559649168,-0.42110120034979615,0.5675612502021546,4773
1,1,2,0,4,1,1,-0.22517106918002144,-0.18352830374601006,-0.5147197126842842,0.005507098044619555,5062
1,1,2,0,5,1,2,-0.48011095473834475,-0.38894532595632486,0.7695473805126261,0.6075107349140266,3487
1,1,2,0,6,0,1,-1.1174579371548894,-1.3419084889487993,-1.6293093956826363,2.98273728476476,2732
1,1,2,0,0,0,1,-1.1811888113255755,-1.2643869582069647,-1.5298423592162576,0.1902347540960284,3389
1,1,2,0,1,1,1,-0.7031799402527983,-0.7142804795492831,-0.9623108452269296,1.0006312133481017,4322
1,1,2,0,2,1,1,-0.7441521292018936,-0.741458731718648,-1.6293093956826363,0.037817663199182915,4363
1,1,2,0,3,1,2,-0.8251077116067792,-0.772478389590885,1.2419438380948502,-0.14670353556689342,1834
1,1,3,0,4,1,1,-0.05218102447841491,0.00624081983439281,-0.08760192512194297,0.47099085498779675,4990
1,1,3,0,5,1,2,-0.776023029245763,-0.7026948981323129,0.20493661807055655,-0.5881737295098141,3194
1,1,3,0,6,0,2,-0.44368941024186226,-0.37347538382063544,-0.04664821412396275,-0.3794583176188153,4066
1,1,3,0,0,0,1,-0.9262543887257788,-1.0513730346225985,-1.5766516153835015,1.8592096415646884,3423
1,1,3,0,1,1,1,-1.3769484671658259,-1.4309112817834044,-0.8540675120440285,0.4951334537913863,3333
1,1,3,0,2,1,1,-1.2950040892676353,-1.3457928496675187,-1.2021916081202948,0.1340525653248749,3956
1,1,3,0,3,1,1,-0.49831899550732256,-0.5477009280953261,-0.8043375043295252,2.0038329699402255,4916
1,1,3,0,4,1,1,0.175444068447178,0.30835571914672827,-0.42402897293442804,3.2397895085842707,5382
1,1,3,0,5,1,2,-0.4619029139693667,-0.4741680773964102,-1.5503227252339342,2.8944509881243756,4569
1,1,3,0,6,0,1,-1.1356659779238676,-1.2063424589362444,-1.948176829024703,0.45502912611551466,4118
1,1,3,0,0,0,1,-0.7301013998716174,-0.7037503642359776,-1.0597347598177025,0.4142151015213115,4911
1,1,3,0,1,1,1,-0.15688408759819608,-0.09058592231516827,-0.9740078934907107,0.22228724764392604,5298
1,1,3,0,2,1,1,0.38030501319265375,0.4208058142028606,-0.07297710427352956,0.5995492258483854,5847
1,1,3,0,3,1,1,0.42127720214174924,0.4557098327938173,-0.8482189879121381,-0.9732423738159156,6312
1,1,3,0,4,1,1,0.3393328242435588,0.35880331704339763,-0.3391937783538357,-0.5239268030303532,6192
1,1,3,0,5,1,2,-0.32532895080571633,-0.23395135591933833,1.5038285321158802,-0.9973720690391715,4378
1,1,3,0,6,0,2,0.10260644241274025,0.18833940487072134,0.8982640586758305,-1.0294761769084022,7836
1,1,3,0,0,0,2,-0.12501865051285324,-0.06353653519334417,1.2785725900709284,-0.8207091506960702,5892
1,1,3,0,1,1,1,0.27104584266173376,0.3587787713200566,0.7081133034969687,-0.36348368516619955,6153
1,1,3,0,2,1,1,0.3575408650125369,0.3938300642510597,1.263947769222515,-0.893124043526505,6093
2,1,3,0,3,1,2,0.19820821662729543,0.23873177488987313,1.3575592605196305,-1.3023314155620958,6230
2,1,3,0,4,1,1,0.3211247834745808,0.3510836870526412,1.42776963425181,-0.9409834229826854,6871
2,1,3,0,5,1,2,0.5806153134855168,0.5873362742101355,0.4653047680189716,-0.9572677413632998,8362
2,1,3,0,6,0,2,0.03887010528352729,0.07596294698461223,1.8080781656469074,0.029636793267875456,3372
2,1,3,0,0,0,2,-0.31622219894196396,-0.22622558949774643,1.775893730328076,0.39083381395738664,4996
2,1,3,0,1,1,1,-0.27069936554025603,-0.2184814137836489,-1.052994563939413,2.533421713979198,5558
2,1,3,0,2,1,1,-0.9399117850421439,-0.9738515038807639,-2.3723668440024133,-0.042507124375560174,5102
2,1,3,0,3,1,1,-0.06128231338364059,-0.020888340888289912,-1.0295934463744774,1.3056460452664598,5698
2,1,3,0,4,1,1,-0.0066527281181803085,0.04878469481524772,-1.3250597621516087,1.6666753194116375,6133
2,1,3,0,5,1,2,-0.6849718994838205,-0.6058681559827519,-0.33041748163731266,-0.6763955082485319,5459
2,1,3,0,6,0,2,-0.38905982497640196,-0.323058468078143,0.7753959046445164,0.7759024582634882,6235
2,1,4,0,0,0,2,-0.3799585360711763,-0.35018762880082566,0.33950884140302556,-0.23509306084994389,6041
2,1,4,0,1,1,1,-0.33581783117668457,-0.2874364870794606,-0.8674215251278895,1.569756527528281,5936
2,1,4,0,2,1,1,-0.15688408759819608,-0.07898193160569252,-1.6234538505133724,-1.1658799246116323,6772
2,1,4,0,3,1,1,0.25283780189275573,0.3626385863154348,-1.1115078894078116,-0.12272868330763682,6436
2,1,4,0,4,1,1,-0.329879595258329,-0.2650385145307632,-1.7814271914107764,0.3747559528621048,6457
2,1,4,0,5,1,1,-0.5028751029184619,-0.5129257745519097,-1.760953846430473,1.418126555031766,6460
2,1,4,0,6,0,1,-0.31622219894196396,-0.29592930735546025,-2.623951676196932,1.0888658956671529,6857
2,1,4,0,0,0,1,0.02521270896716252,0.11089151129891003,-2.471833880468792,0.5433670370772319,5169
2,1,4,0,1,1,1,-0.033967520750910446,0.014015677702666828,-2.1792883162389187,2.164056726938713,5585
2,1,4,0,2,1,1,-0.26614325812911666,-0.23392681019599726,-1.3543164248858082,0.7598762114895393,5918
2,1,4,0,3,1,1,-0.8013547679333569,-0.8411818692224516,-1.1116342680805296,1.3521376452073104,4862
2,1,4,0,4,1,1,-0.5347405400038048,-0.532335305283836,-1.134909006972747,1.2896197984925106,5409
2,1,4,0,5,1,1,-0.2889074063092338,-0.26108051664202103,-1.5415464285174116,-0.45182159612791717,6398
2,1,4,0,6,0,1,-0.0021020836655676204,0.08371325912954518,-0.8774686296089634,0.0055587123659527745,7460
2,1,4,0,0,0,1,0.6079301061182469,0.6107038028308042,-0.8423634427428743,0.44701600272854014,7132
2,1,4,1,1,0,1,0.9220502213946432,0.8626042886182108,-0.46498268393240827,1.2173597486260752,6370
2,1,4,0,2,1,1,0.6170313950234729,0.7617336385482132,-1.6673353340959847,1.0728396488932046,6691
2,1,4,0,3,1,2,-0.17509759132570055,-0.10625836666842128,-0.4123249036332739,-0.2912881532014311,4367
2,1,4,0,4,1,1,0.01610595710341014,0.11470223484760614,-0.1080822911396194,-1.6072314056154868,6565
2,1,4,0,5,1,1,0.1708934239945653,0.25417717130222145,0.46822551956623004,-0.5240816459943525,7290
2,1,4,0,6,0,1,0.4076198058253839,0.4207567227561785,0.3863180975702696,1.2013335018521263,6624
2,1,4,0,0,0,3,-0.5392911844564178,-0.5206760866968427,1.4570262969860088,1.9879228553892767,1027
2,1,4,0,1,1,2,-0.9490130739473696,-1.0630077074862507,0.974329977577274,1.4582308827076378,3214
2,1,4,0,2,1,1,-0.44824551765300163,-0.4238493445472816,-1.2197442015533395,0.7599794401322054,5633
2,1,4,0,3,1,1,-0.1022545023327358,-0.024772701607009204,-1.404046432600311,-0.925112019172736,6196
2,1,4,0,4,1,2,0.01610595710341014,0.05663318985354459,0.9041196038450943,-0.17885925775745712,5026
2,1,4,0,5,1,1,-0.20696302841104336,-0.13326479877439867,-1.5942042088165465,2.0277562078781486,6233
2,1,4,0,6,0,2,-0.648550354987338,-0.5943132567199579,-0.9710871419434522,-0.780811280305531,4220
2,1,4,0,0,0,1,-0.2024123839584307,-0.14870405875591194,-0.28653599805470054,-0.9494223645206583,6304
2,1,4,0,1,1,2,-0.17054148391456114,-0.10222059517882051,-0.4064763795013835,-0.24320941287958445,5572
2,1,5,0,2,1,2,0.6443461876562031,0.6300090142385308,0.22248921150360187,-0.44375685841960943,5740
2,1,5,0,3,1,1,0.37575436874004103,0.38992115780899933,1.1878818503210715,-0.6765116404715317,6169
2,1,5,0,4,1,2,0.3529902205599242,0.38590793204273927,0.9860270258410555,-0.7327970578853513,6421
2,1,5,0,5,1,1,0.7217399211017802,0.7152808571252982,0.7549225596642126,-0.3554705617792254,6296
2,1,5,0,6,0,2,0.6898744840164374,0.6765661149856455,0.9041196038450943,-0.4838095717741479,6883
2,1,5,0,0,0,2,0.366647616876289,0.4441733428235293,0.7870999739456706,-0.5239784173516865,6359
2,1,5,0,1,1,2,0.23007365371263827,0.3239299806066174,0.2546736468224325,0.5191728239523095,6273
2,1,5,0,2,1,2,0.4713561429545968,0.5100417914092059,0.40679144255057337,1.361879848358946,5728
2,1,5,0,3,1,2,0.434934598458114,0.4827592199156414,0.81635663667987,0.33453549296323337,4717
2,1,5,0,4,1,1,0.05707814605250535,0.10695192270267317,-0.5322723061173295,1.5945830160895356,6572
2,1,5,0,5,1,1,0.2073095055325208,0.28521523846696456,-1.8779664552925237,0.5993814793040524,7030
2,1,5,0,6,0,1,0.37575436874004103,0.4323913956198307,-1.0354419705063682,-0.8690975769459154,7429
2,1,5,0,0,0,1,0.6397955432035903,0.680432066411859,-0.3625948959187706,0.4468611597645408,6118
2,1,5,0,1,1,2,0.42582784659436196,0.46358287355545563,1.1352240700219371,0.2865341741233873,2843
2,1,5,0,2,1,2,0.6352448987509771,0.6262228364131758,1.170329256888027,-0.5560696216405836,5115
2,1,5,0,3,1,1,0.7718188619146278,0.7463189242900413,0.49163365816853916,-0.8771107003328897,7424
2,1,5,0,4,1,1,0.5350870171252825,0.6029596271167067,-0.7575282481622813,0.5030949628570276,7384
2,1,5,0,5,1,1,0.37575436874004103,0.47107545560530706,-0.7341271305973456,-0.692524983665147,7639
2,1,5,0,6,0,1,0.5715085616217648,0.5679512892015502,-1.2051193807049265,-1.3743759756369653,8294
2,1,5,0,0,0,1,0.6853183766052979,0.672632662820244,-0.6843901018454697,0.8242908845133331,7129
2,1,5,0,1,1,2,0.5624018097580127,0.5603359785349935,1.2873488867874507,0.5512124139198734,4359
2,1,5,0,2,1,2,0.6534529395199552,0.6533519971358585,0.9684744324080102,-0.9331767568810435,6073
2,1,5,0,3,1,2,0.6898744840164374,0.6765906607089864,1.0299085094236675,-1.1417889401293762,5260
2,1,5,0,4,1,1,0.8719712805817963,0.8121321449982004,0.6232781089163763,-0.2269767088203033,6770
2,1,5,0,5,1,1,1.008545243745447,0.9399478628658224,0.8368299816601731,-0.6443559182809676,6734
2,1,5,0,6,0,1,1.076832225327272,1.033019109344205,0.7344421936465362,0.10975512355728603,6536
2,1,5,0,0,0,1,1.0631748290109067,1.0252197057525898,0.48577811299927537,0.318522149769618,6591
2,1,5,1,1,0,1,1.1860913958581927,1.257637023638047,0.33950884140302556,0.07787037655372137,6043
2,1,5,0,2,1,1,1.2407209811236528,1.2189284179292297,0.39801514583405034,1.3537634963293055,5743
2,1,5,0,3,1,2,0.8810780324455484,0.8393103971675653,0.2956273578204135,-0.7246290915343775,6855
2,1,5,0,4,1,1,1.008545243745447,0.9632663000398091,-0.9476790033411435,0.06184412977977274,7338
2,1,6,0,5,1,2,0.8674206361291836,0.8198763207122979,0.895343307128572,0.6074591205926938,4127
2,1,6,0,6,0,1,0.4804574318598222,0.5641467020836896,-0.5527456510976333,-0.05063637998553441,8120
2,1,6,0,0,0,1,0.5851659579381301,0.6184234328215606,-0.9447582517938851,-0.08257274131043194,7641
2,1,6,0,1,1,1,0.5578511653053999,0.6377531899526283,-0.9886397353764971,1.2174113629474086,6998
2,1,6,0,2,1,2,0.24828169448161633,0.3162594420625431,-0.10223376700772903,0.24631371422451587,7001
2,1,6,0,3,1,1,0.3211247834745808,0.41689690776080024,-0.11685858785614245,-1.4627655009200158,7055
2,1,6,0,4,1,1,0.5851659579381301,0.5835010049380983,-0.42695674551905993,-0.42757576868166147,7494
2,1,6,0,5,1,1,0.8401058434964535,0.757898369276176,-1.1232049376715922,-0.19488550453140613,7736
2,1,6,0,6,0,1,1.1769846439944405,1.067818808610962,-1.3396916040373952,-0.5961352385754554,7498
2,1,6,0,0,0,1,1.2634851293037697,1.1607857357651448,-0.6288115699990767,-0.732474468377019,6598
2,1,6,0,1,1,2,1.2316142292599002,1.1374918443144992,-0.28068045288543675,0.22228724764392604,6664
2,1,6,0,2,1,2,0.8628645287180436,0.7579781428770346,1.4423944551002228,0.31045741206131067,4972
2,1,6,0,3,1,1,0.876521925034409,0.839236759997542,-0.3216411849207904,1.9715740191069955,7421
2,1,6,0,4,1,1,0.835549736085314,0.9206426514580959,-0.4094041520860154,0.8161100145820257,7363
2,1,6,0,5,1,1,0.7854762582309932,0.7695084964164872,-0.268983404621656,-0.17896248640012358,7665
2,1,6,0,6,0,1,0.7445040692818976,0.7385440664217673,-0.8686923328924412,-0.3073531107163793,7702
2,1,6,0,0,0,1,0.5305363726726698,0.5990445842438109,-0.20462155502136667,-0.5881737295098141,6978
2,1,6,0,1,1,2,0.3985130539616318,0.4325448063907125,1.053316648025976,-0.2031050852037128,5099
2,1,6,0,2,1,1,1.0540680771471547,1.106631733643979,0.43604810528477206,-0.5480048839322759,6825
2,1,6,0,3,1,1,1.568498492716414,1.5133727786974907,-0.2514308111886107,-0.9893718492325306,6211
3,1,6,0,4,1,1,1.6959657040163125,1.7070814908741305,-0.42110120034979615,-0.9251765370744026,5905
3,1,6,0,5,1,1,1.5411837000836839,1.5326779901052172,-0.3801474893518159,-0.09863769882538048,5823
3,1,6,0,6,0,1,1.2907999219364998,1.0949725150569858,-0.6551404601486436,-0.1389097730455851,7458
3,1,6,0,0,0,1,1.3545307961071862,1.2266725936433271,-1.0442182672228904,-0.5801606061228399,6891
3,1,6,0,1,1,1,1.20429943662717,1.10264305360106,-0.8686923328924412,1.4180620371301,6779
3,1,6,0,2,1,1,0.7399479618707583,0.7385195206984262,-1.7872827365800406,2.0278723401011485,7442
3,1,6,0,3,1,1,1.1041470179600021,1.0213353450338705,-1.8808942278771557,1.0489164109552809,7335
3,1,6,0,4,1,1,1.3864016961510557,1.2343922236340836,-1.4420793920510329,-0.24305456991558516,6879
3,1,6,0,5,1,1,1.8507531709074674,1.91615582586226,-0.9769356660753425,-0.3234825861329943,5463
3,1,6,0,6,0,1,1.4728967185018587,1.3080048479338577,-0.18706896158832215,-0.37956154626148175,5687
3,1,7,0,0,0,1,1.7505952892817729,1.6953424986862786,-0.7663045448788035,-0.2833266441357898,5531
3,1,7,0,1,1,1,1.5639478482638012,1.39716718797018,-1.2694812303052154,0.06168928681577308,6227
3,1,7,0,2,1,1,1.5593917408526619,1.4009226836413584,-0.9535345485104073,-0.829044863591377,6660
3,1,7,1,3,0,1,1.6049200372128962,1.5830949058477102,-0.6258837974144449,-0.7166159681474034,7403
3,1,7,0,4,1,1,1.8143316264109852,1.7612354929952962,-1.193415311403772,0.045714654363157664,6241
3,1,7,0,5,1,1,1.8188822708635979,1.7070262629966129,-1.2431523401556483,-0.5721990970571987,6207
3,1,7,0,6,0,1,2.0009845303874827,2.0284525101475106,-0.9535345485104073,-0.34752195629391747,4840
3,1,7,0,0,0,1,1.787016833778255,1.9393699437120469,-0.3801474893518159,-0.8368902404340185,4672
3,1,7,0,1,1,2,1.1769846439944405,1.1027166907710833,0.3892388491175281,-0.12272868330763682,6569
3,1,7,0,2,1,2,1.2316142292599002,1.168634230803442,0.27807476438736817,-0.5000035650924298,6290
3,1,7,0,3,1,1,1.20885554403831,1.0795025729212964,0.03818698045663036,-0.5000551794137631,7264
3,1,7,0,4,1,1,1.20429943662717,1.1065765057664616,-0.6902456470147335,-0.5640311307062249,7446
3,1,7,0,5,1,2,1.2907999219364998,1.187884214333651,-0.9974160320930194,-1.4146996641785028,7499
3,1,7,0,6,0,2,1.136012455045345,1.1762802236241754,0.5004099548850615,-0.6039806154180969,6969
3,1,7,0,0,0,1,1.3681881924235508,1.4165460365479297,0.6320544056328985,-0.3073531107163793,6031
3,1,7,0,1,1,1,1.4637899666381067,1.5327025358285584,0.12010142348996422,-0.33935398994294363,6830
3,1,7,0,2,1,1,1.7642526855981375,1.7263560201276806,-0.8569952846286604,-0.9814103401668892,6786
3,1,7,0,3,1,1,1.6276787224344869,1.6643780686915586,-0.35674637178688023,-0.6844602459568393,5713
3,1,7,0,4,1,1,1.5002115111345888,1.4745107622177915,-0.19291748572021253,-0.32332774316899504,6591
3,1,7,0,5,1,2,0.9311515102998692,0.8509450700312174,1.5184603740016662,0.23846833738187434,5870
3,1,7,0,6,0,3,0.5487444134416473,0.4636565107254781,1.6676574181825479,0.29437955096602847,4459
3,1,7,0,0,0,2,0.9402582621636213,0.9129230214673394,0.9450733148430746,-1.246039546358109,7410
3,1,7,0,1,1,1,1.3454295072019602,1.323401152899524,0.4653047680189716,-0.6684469027632239,6966
3,1,7,0,2,1,1,1.395502985056281,1.4242411208153452,0.19031179722214392,0.2705595416707715,7592
3,1,7,0,3,1,1,1.249827732987405,1.1027166907710833,-1.2490008642875388,-0.3314440951986356,8173
3,1,7,0,4,1,1,1.5366330556310712,1.625595825812718,-0.21924637586977933,1.2171532913407432,6861
3,1,7,0,5,1,1,1.5639478482638012,1.594631395817998,-0.23387821775556616,-0.4838095717741479,6904
3,1,7,0,6,0,1,1.4228177776890112,1.3699582536466386,-0.10223376700772903,-0.42757576868166147,6685
3,1,7,0,0,0,1,1.2361703366710401,1.187884214333651,-0.029095620690917437,-0.25923565965353346,6597
3,1,7,0,1,1,1,1.2862438145253605,1.2925349057981683,0.2868510611038904,-0.4757448340658405,7105
3,1,7,0,2,1,1,1.1906420403108053,1.1569750122164488,0.5355151417511512,-0.32337935749032826,7216
3,1,8,0,3,1,1,1.2134061884909226,1.1840489450616138,0.34828513811954787,-0.636239566251327,7580
3,1,8,0,4,1,1,1.4046097369200332,1.428156163688241,0.22248921150360187,-0.7888244036925055,7261
3,1,8,0,5,1,2,1.4774473629544715,1.524982905837802,0.10254883005691891,0.32653527315659253,7175
3,1,8,0,6,0,1,1.6276787224344869,1.6992575415591744,-0.10223376700772903,0.864175851323539,6824
3,1,8,0,0,0,1,1.4956608666819762,1.5753752758569537,0.17275920378909862,1.2895165698498443,5464
3,1,8,0,1,1,2,1.4046097369200332,1.4475350122659907,0.18446327309025354,-0.7888244036925055,7013
3,1,8,0,2,1,2,1.3135586071580907,1.3700625729708382,0.5325873691665194,-0.9494223645206583,7273
3,1,8,0,3,1,2,1.3909523406036683,1.432015978683619,0.3161077238380899,-1.0295277912297351,7534
3,1,8,0,4,1,1,1.4228177776890112,1.3816420179569728,-0.052496738255853125,-0.44370524409827655,7286
3,1,8,0,5,1,2,1.20429943662717,1.1879394422111687,0.6174225637471117,0.6235885960093085,5786
3,1,8,0,6,0,2,1.076832225327272,1.00584085717484,0.7373699662311681,0.2063642295126435,6299
3,1,8,0,0,0,1,1.1223550587289803,1.0445740086069986,-0.6843901018454697,-0.8771107003328897,6544
3,1,8,0,1,1,1,1.2316142292599002,1.1530354236202118,-0.5790745412472,-0.7003316497667886,6883
3,1,8,0,2,1,1,1.2634851293037697,1.2421670815023576,0.41264698771983715,-0.27521029210614883,6784
3,1,8,0,3,1,1,1.1542259587728498,1.1026123714468836,-0.05835228342511692,-0.2673003973618408,7347
3,1,8,0,4,1,1,1.2225129403546748,1.106607187920638,-0.7633767722941716,-0.6282780571856857,7605
3,1,8,0,5,1,1,1.2452716255762655,-1.4233696082868703,-0.40062785536949236,0.5273407903032832,7148
3,1,8,0,6,0,1,0.9994384918816943,0.8819095000259374,-0.17244414073990874,-0.1628330109835085,7865
3,1,8,0,0,0,2,0.7672627545034884,0.7928269335904738,0.5881729220502864,-1.3424396143120674,4549
3,1,8,0,1,1,2,0.7672627545034884,0.7462698328433592,0.7461462629476904,-0.7807596659841982,6530
3,1,8,0,2,1,1,0.8401058434964535,0.7773079000081022,0.3219562479699803,-1.5189502704072357,7006
3,1,8,0,3,1,1,0.9402582621636213,0.9051236178757243,0.34535736553491597,-1.5510479264862997,7375
3,1,8,0,4,1,1,1.0950402660962502,0.9981150907532482,0.0557395738896749,-1.3663654329660573,7765
3,1,8,0,5,1,2,1.1314618105927323,1.060043950742688,-0.09052969770657487,-1.5270150081155434,7582
3,1,8,0,6,0,2,0.9083928250782785,0.8857447692979745,0.5969492187668087,0.6957841279740774,6053
3,1,8,0,0,0,2,0.8628645287180436,0.7464477893375814,1.530157422265447,0.4951334537913863,5255
3,1,8,0,1,1,1,1.136012455045345,1.106607187920638,0.7198173727981227,-0.79683752707948,6917
3,1,8,0,2,1,1,1.2725864182089957,1.1763293150708574,-0.05542451084048502,0.005661941008619214,7040
3,1,8,0,3,1,1,1.0358600363781771,0.9902911414382921,-0.5322723061173295,-1.0055013246491455,7697
3,1,8,0,4,1,1,1.1542259587728498,1.0948927414561271,-0.2631278594523922,-1.462872600636782,7713
3,1,8,0,5,1,1,1.468346074049246,1.3196149750741688,-0.28360822547006864,-0.28327502981445657,7350
3,1,9,0,6,0,2,1.4091603813726463,1.4009472293646994,0.07329216732272022,-0.997436586940838,6140
3,1,9,0,0,0,2,1.0995963735073895,1.0717031693296812,1.3136777769370176,-1.6312114193068765,5810
3,1,9,1,1,0,1,1.1587766032254625,1.1492001543481747,1.1440003667384595,-0.5079521705777374,6034
3,1,9,0,2,1,1,1.2589290218926303,1.304200260815997,0.8924155345439401,0.5914328738187448,6864
3,1,9,0,3,1,1,1.31811471456923,1.4397847001210577,0.7958762706621928,-0.0345585188902522,7112
3,1,9,0,4,1,2,1.0995963735073895,1.1105406400860394,1.2815003626555603,-0.6202133194773785,6203
3,1,9,0,5,1,1,1.136012455045345,1.122046447902151,0.760771083796103,-0.24310618423691838,7504
3,1,9,0,6,0,2,0.8947354287619137,0.8392613057208831,1.2025136922068576,1.1692939118845627,5976
3,1,9,0,0,0,1,0.626138146887225,0.6416927785488652,-0.5644497203987875,0.43884803637756636,8227
3,1,9,0,1,1,1,0.4804574318598222,0.5602562049341349,-0.871620105477073,0.8803698446418206,7525
3,1,9,0,2,1,1,0.4485919947744794,0.49053407778391545,-0.7575282481622813,-1.2701253694082322,7767
3,1,9,0,3,1,1,0.566957917169152,0.5873853656568175,-0.35674637178688023,-0.7566686815019418,7870
3,1,9,0,4,1,1,0.6397955432035903,0.6455771392675844,0.06451587060619716,-1.39055964609098,7804
3,1,9,0,5,1,1,0.7536053581871236,0.7347087971497301,0.313179951253458,-1.1177495699684528,8009
3,1,9,0,6,0,1,0.6170313950234729,0.6842918814072373,-0.8862449263254865,0.7359529735516156,8714
3,1,9,0,0,0,1,0.4622493910908442,0.5447371713517634,-0.4064763795013835,-1.2942666778537881,7333
3,1,9,0,1,1,2,0.46680003554345745,0.48291263068652324,0.7490670144949488,-0.49993904719076293,6869
3,1,9,0,2,1,2,0.6989757729216634,0.5566541200338374,1.7173874258970512,2.156198446515738,4073
3,1,9,0,3,1,1,0.3120180316108287,0.4053113263438301,-0.6405086182628575,0.31857376409095123,7591
3,1,9,0,4,1,1,0.28015259452548585,0.35491895632467835,-0.06712858014163918,-0.9331767568810435,7720
3,1,9,0,5,1,1,0.566957917169152,0.5990200385204698,0.2868510611038904,-0.46784784290186576,8167
3,1,9,0,6,0,1,0.8446564879490661,0.8353769450021639,0.1318054927911184,1.2012818875307931,8395
4,1,9,0,0,0,1,0.18455082031093067,0.27355601987997125,-1.1290604828408566,0.4228734039249506,7907
4,1,9,0,1,1,1,0.10260644241274025,0.17279582556500875,-0.9476790033411435,-0.6204326803430442,7436
4,1,9,0,2,1,1,0.29836063529446394,0.4284763527469349,-0.4064763795013835,0.5914328738187448,7538
4,1,9,0,3,1,1,0.7627121100508757,0.7502339671629371,0.020634387023585048,0.6956808993314113,7733
4,1,9,0,4,1,2,0.8446564879490661,0.8199560943131565,0.44189662941666324,-0.7244613449900446,7393
4,1,9,0,5,1,2,0.6762170877000726,0.6842673356838962,0.43604810528477206,-0.3394572185856101,7415
4,1,9,0,6,0,1,0.2573884463453684,0.3432842834610261,-0.5966271346802454,0.478952364053438,8555
4,1,9,0,0,0,1,0.1708934239945653,0.2657627527191916,-0.3128648882042681,-0.7165127395047369,6889
4,1,10,0,1,1,2,0.13902252395069578,0.23101214489911667,0.1493580862241637,-1.2862548448248474,6778
4,1,10,0,2,1,3,0.5214296208089171,0.4171485014250456,1.71153890176516,-1.1098525788044784,4639
4,1,10,0,3,1,2,0.885628676898161,0.7656977728677911,1.164480732756136,-1.599275057981979,7572
4,1,10,0,4,1,2,0.885628676898161,0.8199560943131565,0.6671595924989884,-0.941189880268018,7328
4,1,10,0,5,1,1,0.6534529395199552,0.6494369542629627,-0.0027667305413506364,-1.0856583656795558,8156
4,1,10,0,6,0,1,0.3211247834745808,0.3937564270810365,0.2546736468224325,1.000527984705436,7965
4,1,10,0,0,0,2,-0.4345881213366366,-0.3346870045109598,0.5647647834479773,-0.6364589271169933,3510
4,1,10,1,1,0,2,-0.6121342734493825,-0.5323107595604949,0.5735410801644996,-0.010415920086662997,5478
4,1,10,0,2,1,2,-0.26614325812911666,-0.22239645665654437,0.9392247907111841,-0.002402796699688501,6392
4,1,10,0,3,1,1,0.10260644241274025,0.17665564056038696,0.020634387023585048,-0.03439077234591924,7691
4,1,10,0,4,1,1,-0.329879595258329,-0.2650139688074221,-1.1553893729904237,-0.11471555992066233,7570
4,1,10,0,5,1,1,-0.31622219894196396,-0.2533302044970881,-0.6229560248298129,0.5755743735891288,7282
4,1,10,0,6,0,1,-0.5575046881839222,-0.5090659595565316,-0.9359819550773624,-0.5721990970571987,7109
4,1,10,0,0,0,1,0.14357863136183516,0.2077182534484711,0.08792400920850627,1.1371381896939983,6639
4,1,10,0,1,1,2,0.3620969724236763,0.3976162420764147,0.5589162593160869,1.3619830770016126,5875
4,1,10,0,2,1,1,-0.1477827986929704,-0.08289083804775288,-0.4883908225347174,-0.10665082221235497,7534
4,1,10,0,3,1,1,-0.21606978027479576,-0.14878383235677023,0.4565284713024493,-1.1499052921590167,7461
4,1,10,0,4,1,2,0.14812927581444785,0.23484741417115385,0.7051855309123367,0.5993814793040524,7509
4,1,10,0,5,1,2,0.37119826132890166,0.38992115780899933,1.3136777769370176,-0.7165643538260701,5424
4,1,10,0,6,0,1,-0.06128231338364059,-0.009278213747978728,-0.3859960134837063,-0.9413060124910178,8090
4,1,10,0,0,0,1,-0.17054148391456114,-0.10999545304709453,-0.8277386218944609,-0.3152630054606873,6824
4,1,10,0,1,1,1,-0.04307427261466283,0.05269973768814317,-0.4181804488025377,-1.406527826753429,7058
4,1,10,0,2,1,1,0.2664951982091205,0.3433333749077082,0.09670030592502854,-1.2379748086498015,7466
4,1,10,0,3,1,1,0.5032215800399397,0.5177123299532803,0.05866734647430679,-1.5188418803324364,7693
4,1,10,0,4,1,2,0.29836063529446394,0.3395533335131886,1.2112899889233806,-0.8530713301719666,7359
4,1,10,0,5,1,2,0.2755964871143465,0.29697877637815756,1.2580922240532513,-0.7486555581149673,7444
4,1,10,0,6,0,2,0.18910146476354336,0.2502375827059846,0.6466792264813112,0.5833165217891042,7852
4,1,10,0,0,0,2,-0.09770385788012312,-0.04039605451358009,0.46822551956623004,2.6777740671677353,4459
4,1,10,0,1,1,3,-0.30256480262559887,-0.21449273374072994,1.7700452061961855,2.164108341260046,22
4,1,10,0,2,1,2,-0.9680514844123822,-1.0091052990293303,1.3870827226740112,0.29062460908904064,1096
4,1,10,0,3,1,2,-0.7532588810656459,-0.6949752681415565,0.27222624025547776,-0.3073531107163793,5566
4,1,11,0,4,1,2,-0.7077360476639377,-0.6407169466961911,-0.3245619364680489,-0.42762738300299435,5986
4,1,11,0,5,1,1,-0.766916277382011,-0.7260133353062992,-0.7429034273138686,0.9766563610888455,5847
4,1,11,0,6,0,2,-0.8306526145112233,-0.9235818624783172,-0.9593830726422976,1.0328385498599992,5138
4,1,11,0,0,0,1,-0.9262543887257788,-0.8886532981640197,-0.6668375084124251,-0.14681966778989317,5107
4,1,11,0,1,1,1,-0.9626704702637343,-1.0203595131811964,-0.9389027066246208,0.591484488140078,5259
4,1,11,0,2,1,1,-1.1720875224203497,-1.1830240217622576,-0.42695674551905993,-0.21901519975466202,5686
4,1,11,0,3,1,2,-1.0901431445221594,-1.225647670343971,-0.5644497203987875,1.4661278738716126,5035
4,1,11,0,4,1,1,-0.78235459817803,-0.8128499680560579,-2.0671061810896423,2.030362731105474,5315
4,1,11,0,5,1,1,-0.7304947328855285,-0.7298731503016774,-0.6112589765660315,0.31061225502531,5992
4,1,11,0,6,0,1,-0.5802633734055129,-0.4934732888041371,0.12302919607459611,-1.7115362068816198,6536
4,1,11,0,0,0,1,-0.4072733287039064,-0.32302778592396647,0.2195684599563434,-0.8127476416304289,6852
4,1,11,1,1,0,1,-0.0567316689310279,0.006314457004415999,0.7988040432468247,-0.2189635854333288,6269
4,1,11,0,2,1,2,-0.8306526145112233,-0.9273925860270136,0.2458973501059102,1.9556639045560464,4094
4,1,11,0,3,1,1,-1.1265592260601152,-1.1830485674855988,-0.5322723061173295,0.11792308990825982,5495
4,1,11,0,4,1,2,-0.9490130739473696,-0.9196177281587395,-0.052496738255853125,-0.48387408967581474,5445
4,1,11,0,5,1,1,-0.8215458626474712,-0.7802471110283236,-0.7253508338808232,-0.2511193076238925,5698
4,1,11,0,6,0,1,-0.9308050331783915,-0.9080137374492638,-0.5790745412472,-0.13880654440291867,5629
4,1,11,0,0,0,1,-0.835203258963836,-0.838285473868209,0.4565284713024493,0.4790555926961041,4669
4,1,11,0,1,1,2,-0.6257916697657475,-0.6058681559827519,-0.03202339327554933,0.5752517840807965,5499
4,1,11,0,2,1,2,-0.6622077513037031,-0.5749037259880316,0.400942918418683,-1.3905054510535801,5634
4,1,11,0,3,1,1,-0.776023029245763,-0.671705922414252,-0.09930599442309714,-1.125711079034094,5146
4,1,11,1,4,0,1,-0.848860655280201,-0.7608130345730566,-0.3333382331845719,-1.7757315190397478,2425
4,1,11,0,5,1,1,-0.694078651347573,-0.586489307405002,-0.4152526762179058,-0.5479532696109427,3910
4,1,11,0,6,0,1,-1.1857449187367148,-1.3844523639296538,-1.5678753186669792,2.405031089662942,2277
4,1,11,0,0,0,1,-1.3632910708494606,-1.3302001789151239,-1.1202841861243338,-0.5159652939647119,2424
4,1,11,0,1,1,1,-0.9945413703076041,-0.8305658438774526,-0.6492849149793798,-1.8560021115770908,5087
4,1,11,0,2,1,2,-1.11290182974375,-1.1830792496397753,1.1147507250416333,0.6074462170123601,3959
4,1,11,0,3,1,1,-1.08558703711102,-1.1327359710673055,-0.8540675120440285,0.26239157531979773,5260
4,1,11,0,4,1,1,-1.1718853929548676,-1.0795944800339574,-0.5072142237323143,-0.9673067268626011,5323
4,1,11,0,5,1,1,-1.0764857482057943,-0.9234529974307768,0.15227883777142218,-1.703471469173312,5668
4,1,12,0,6,0,2,-1.0764857482057943,-0.9661809653366893,1.2551714725059928,-1.68755619319023,5191
4,1,12,0,0,0,2,-0.8078884663311061,-0.7065853952818677,1.372184081368043,-0.8530197158506335,4649
4,1,12,0,1,1,1,-0.2342778210437735,-0.11387981376581383,0.9801785017091643,-1.39055964609098,6234
4,1,12,0,2,1,1,-0.1068106097438752,-0.03252301375194216,0.7432184903630584,-0.21106659426935406,6606
4,1,12,0,3,1,1,-0.31167155448935124,-0.2843744080926663,-1.00326455622491,1.7230768690484572,5729
4,1,12,0,4,1,1,-1.3086614855840004,-1.3263894553664277,-0.8365149186109831,-0.2030018565610467,5375
4,1,12,0,5,1,2,-0.953569181358509,-0.9351674438952876,0.9567773841442294,-0.7727465425972236,5008
4,1,12,0,6,0,2,-0.6212355623546079,-0.520651540973502,1.989452624109247,-1.1498020635163504,5582
4,1,12,0,0,0,2,-0.6075781660382431,-0.5167364981006062,1.9484989131112667,-0.4195110309733538,3228
4,1,12,0,1,1,2,-0.32532895080571633,-0.23796458168559803,2.085991887990994,-0.002299568057022061,5170
4,1,12,0,2,1,2,-0.776023029245763,-0.8344992960428536,-0.21924637586977933,1.3619830770016126,5501
4,1,12,0,3,1,2,-1.0810363926584072,-1.0862463710593786,-0.6288115699990767,-0.3554834653595587,5319
4,1,12,0,4,1,1,-1.0901431445221594,-1.1055761281904464,-0.9974160320930194,-0.21106659426935406,5532
4,1,12,0,5,1,1,-1.1675314150092104,-1.1055515824671054,0.1054766026415508,-0.7646301905675831,5611
4,1,12,0,6,0,1,-0.9353556776310045,-0.8343765674261486,0.15813438294068596,-1.0856583656795558,5047
4,1,12,0,0,0,2,-0.7259440884329157,-0.6407414924195322,1.4804274145509444,-1.1580216441886575,3786
4,1,12,0,1,1,2,-0.5575046881839222,-0.44706346239706857,1.9601959613750475,-1.1900702666624547,4585
4,1,12,0,2,1,1,-0.4619029139693667,-0.3966956381012578,0.26929846767084586,0.3989501659870272,5557
4,1,12,0,3,1,1,-0.8898328442292963,-0.8111869952997027,-0.017391551389763275,-0.0825082234087654,5267
4,1,12,0,4,1,2,-0.9034902405456614,-0.8538045074505806,0.28100253697200006,-0.7487071724363006,4128
1,1,12,0,5,1,2,-0.9216982813146394,-1.059068118890014,-0.5000878707984981,2.372926981793711,3623
1,1,12,0,6,0,1,-1.2540319003185403,-1.4619493489481472,-1.3104349413031962,2.7982677003200167,1749
1,1,12,0,0,0,1,-1.3632910708494606,-1.3186145974981538,-0.7897056624437392,-0.7407069526296597,1787
1,1,12,0,1,1,2,-1.4426623952816477,-1.322118499505087,1.147307275341245,-1.4614054635528868,920
1,1,12,1,2,0,2,-1.1148848836888863,-1.1038763368490794,0.7504712219695923,-0.2807846388101312,1013
1,1,12,0,3,1,3,-1.3769484671658259,-1.558782227528544,1.372184081368043,1.626622606057099,441
1,1,12,0,4,1,2,-1.3177627744892257,-1.520067485388891,0.1756869763737305,2.0600151587113786,2114
1,1,12,0,5,1,2,-1.3223188819003655,-1.3457683039441775,-0.2660556320370241,-0.45182159612791717,3095
1,1,12,0,6,0,2,-1.3223188819003655,-1.4233696082868703,0.8777907136955275,-0.8529681015293004,1341
1,1,12,0,0,0,1,-1.3086614855840004,-1.4890294182241481,-1.0149686255260644,2.0680282820983535,1796
1,1,12,0,1,1,2,-1.5271798266458414,-1.5394279246741351,-0.35381859920224834,-0.4598863338362245,2729
